division,team_name,first_name,last_name,height,year,,,,,
mens-d1,A&M-Corpus Christi,Jamal,Ambrose,82,Jr,,,,,
mens-d1,A&M-Corpus Christi,Kayden,Crosby,79,Jr,,,,,
mens-d1,A&M-Corpus Christi,Cenker,Evran,80,Sr,,,,,
mens-d1,A&M-Corpus Christi,Mason,Gibson,72,Sr,,,,,
mens-d1,A&M-Corpus Christi,Jaden,Haire,79,Jr,,,,,
mens-d1,A&M-Corpus Christi,Cedric,Horton,77,Fr,,,,,
mens-d1,A&M-Corpus Christi,DA,Houston,74,Sr,,,,,
mens-d1,A&M-Corpus Christi,Daniel,Michelini-Jackson,77,Jr,,,,,
mens-d1,A&M-Corpus Christi,Trenton,Pane,70,Fr,,,,,
mens-d1,A&M-Corpus Christi,Kam,Parker,74,Sr,,,,,
mens-d1,A&M-Corpus Christi,Devon Kobi,Pearson,80,Fr,,,,,
mens-d1,A&M-Corpus Christi,Nicholas,Shogbonyo,73,Sr,,,,,
mens-d1,A&M-Corpus Christi,Leo,Torbor,75,Sr,,,,,
mens-d1,A&M-Corpus Christi,Bryson,Wheatfall,77,Fr,,,,,
mens-d1,A&M-Corpus Christi,Sheldon,Williams,80,Sr,,,,,
mens-d1,A&M-Corpus Christi,Franck,Yetna,79,Sr,,,,,
mens-d1,Air Force,AJ,Patterson,75,So,,,,,
mens-d1,Akron,Halil,Barre,82,Jr,,,,,
mens-d1,Alabama,Charles,Bediako,84,Sr,,,,,
mens-d1,Alabama,Taylor Bol,Bowen,82,Jr,,,,,
mens-d1,Alabama,Jack,Fagan,,So,,,,,
mens-d1,Alabama,Klark,James,,Sr,,,,,
mens-d1,Alabama,Labaron,Philon,76,So,,,,,
mens-d1,Alabama,Latrell,Wrightsell Jr.,75,Sr,,,,,
mens-d1,Alabama A&M,Bilal,Abdur-Rahman,71,So,,,,,
mens-d1,Alabama A&M,Angok,Anyang,81,Jr,,,,,
mens-d1,Alabama A&M,Jalen,Carruth,79,Jr,,,,,
mens-d1,Alabama A&M,Koron,Davis,79,Jr,,,,,
mens-d1,Alabama A&M,Tajden,Davis,77,Jr,,,,,
mens-d1,Alabama A&M,Kintavious,Dozier,73,Sr,,,,,
mens-d1,Alabama A&M,P.J.,Eason,81,Sr,,,,,
mens-d1,Alabama A&M,James,Flippin,82,Sr,,,,,
mens-d1,Alabama A&M,James,Graham,80,Jr,,,,,
mens-d1,Alabama A&M,Louis,Hutchinson,79,Jr,,,,,
mens-d1,Alabama A&M,Gabe,Kincy,79,Jr,,,,,
mens-d1,Alabama A&M,Samuel,Onu,83,Jr,,,,,
mens-d1,Alabama A&M,Sami,Pissis,75,Sr,,,,,
mens-d1,Alabama St.,Kevin,Alabi,79,Fr,,,,,
mens-d1,Alabama St.,Asjon,Anderson,74,Sr,,,,,
mens-d1,Alabama St.,Mario,Andrews,78,Sr,,,,,
mens-d1,Alabama St.,Tyler,Byrd,75,Jr,,,,,
mens-d1,Alabama St.,R'Chaun,King,78,Fr,,,,,
mens-d1,Alabama St.,Tyler,Mack,77,Sr,,,,,
mens-d1,Alabama St.,Jordon,Marshall,74,Sr,,,,,
mens-d1,Alabama St.,Tyler,Mason,81,Jr,,,,,
mens-d1,Alabama St.,Trey,Miller,74,Sr,,,,,
mens-d1,Alabama St.,Cam,Palesse,77,Sr,,,,,
mens-d1,Alabama St.,Micah,Simpson,74,Sr,,,,,
mens-d1,Alabama St.,Jerquarius,Stanback,81,Fr,,,,,
mens-d1,Alabama St.,Jasteven,Walker,82,Jr,,,,,
mens-d1,Alabama St.,Damarien,Yates,79,Jr,,,,,
mens-d1,Ark.-Pine Bluff,Jai’chaunn,Hayes,79,Fr,,,,,
mens-d1,Arkansas,Elmir,Dzafic,84,Fr,,,,,
mens-d1,Auburn,Abdullahi,Bashir,79,Jr,,,,,
mens-d1,BYU,Mihailo,Boskovic,82,Sr,,,,,
mens-d1,BYU,Aleksej,Kostić,76,Fr,,,,,
mens-d1,Ball St.,Jai Anthoni,Bearden,79,Fr,,,,,
mens-d1,Ball St.,Elmore,James,75,Sr,,,,,
mens-d1,Baylor,Isaac,Williams,74,So,,,,,
mens-d1,Bellarmine,Dominique,Murphy Jr,77,Fr,,,,,
mens-d1,Binghamton,Wes,Peterson,78,Sr,,,,,
mens-d1,Boise St.,RJ,Keene,78,Sr,,,,,
mens-d1,Boston U.,Azmar,Abdullah,75,So,,,,,
mens-d1,Boston U.,Kyrone,Alexander,77,Jr,,,,,
mens-d1,Boston U.,Andrew,Bhesania,81,Fr,,,,,
mens-d1,Boston U.,Peter,Carr,77,So,,,,,
mens-d1,Boston U.,Malcolm,Chimezie,80,Sr,,,,,
mens-d1,Boston U.,Ben,Defty,84,So,,,,,
mens-d1,Boston U.,Chance,Gladden,76,Fr,,,,,
mens-d1,Boston U.,Sam,Hughes,78,Fr,,,,,
mens-d1,Boston U.,Michael,McNair,77,Jr,,,,,
mens-d1,Boston U.,Quinn,Nielsen,83,Jr,,,,,
mens-d1,Boston U.,Ethan,Okwuosa,75,Sr,,,,,
mens-d1,Boston U.,Ben,Roy,72,Sr,,,,,
mens-d1,Brown,Charlie,OSullivan,82,Fr,,,,,
mens-d1,Bryant,Aaron,Davis,79,Jr,,,,,
mens-d1,Bryant,Joseph,Green,75,Fr,,,,,
mens-d1,Bryant,Ashley,"Sims, II",80,Fr,,,,,
mens-d1,Bucknell,Quin,Berger,74,Sr,,,,,
mens-d1,Bucknell,Ruot,Bijiek,81,Sr,,,,,
mens-d1,Bucknell,Grgur,Brcic,82,Jr,,,,,
mens-d1,Bucknell,Pat,Curtin,75,Fr,,,,,
mens-d1,Bucknell,Amon,Dörries,83,Fr,,,,,
mens-d1,Bucknell,Josh,Fulton,78,Sr,,,,,
mens-d1,Bucknell,Matt,Lange,74,So,,,,,
mens-d1,Bucknell,Brandon,McCreesh,76,Jr,,,,,
mens-d1,Bucknell,Jacob,Meachem,68,Fr,,,,,
mens-d1,Bucknell,Patrick,O'Brien,80,Jr,,,,,
mens-d1,Bucknell,Aleksander,Pachucki,77,So,,,,,
mens-d1,Bucknell,Achile,Spadone,76,Sr,,,,,
mens-d1,Bucknell,Kellen,Welch,79,So,,,,,
mens-d1,Bucknell,Jayden,Williams,70,So,,,,,
mens-d1,Campbell,Terren,Frank,80,Sr,,,,,
mens-d1,Campbell,Enoch,Kalambay,78,Sr,,,,,
mens-d1,Delaware St.,Omar,Stephen,,Sr,,,,,
mens-d1,Florida A&M,Antonio,Baker,75,Jr,,,,,
mens-d1,Florida A&M,Ja'Cobi,Hall,79,Fr,,,,,
mens-d1,Florida A&M,Tuscan,Onuoha,83,Jr,,,,,
mens-d1,Ga. Southern,Nakavieon,White,79,Sr,,,,,
mens-d1,Ga. Southern,Jayden,Williams,78,Fr,,,,,
mens-d1,Ga. Southern,Dwayne,Williams Jr.,78,Fr,,,,,
mens-d1,Gardner-Webb,D.J.,Jefferson,76,Jr,,,,,
mens-d1,Gardner-Webb,Curtis,Williams,79,Jr,,,,,
mens-d1,George Washington,Tyrone,Marshall,79,Sr,,,,,
mens-d1,Georgetown,Vincent,Iwuchukwu,85,Sr,,,,,
mens-d1,Georgia,Somto,Cyril,82,So,,,,,
mens-d1,Georgia St.,Christian,Beam,85,So,,,,,
mens-d1,Georgia St.,Ayouba,Berthe,77,Sr,,,,,
mens-d1,Georgia St.,Malachi,Brown,73,Jr,,,,,
mens-d1,Georgia St.,Joah,Chappelle,80,So,,,,,
mens-d1,Georgia St.,James,Cooper,80,Sr,,,,,
mens-d1,Georgia St.,Jelani,Hamilton,77,So,,,,,
mens-d1,Georgia St.,Christopher,Jones,78,Fr,,,,,
mens-d1,Georgia St.,Jakai,Newton,76,So,,,,,
mens-d1,Georgia St.,Trey,Scott III,83,Fr,,,,,
mens-d1,Georgia St.,Isaiah,Sherrard,79,So,,,,,
mens-d1,Georgia St.,Kwame,Tanic,79,So,,,,,
mens-d1,Georgia St.,Micah,Tucker,75,Fr,,,,,
mens-d1,Georgia Tech,Eric,Chatfield Jr,71,Fr,,,,,
mens-d1,Grambling,PJ,Edwards,76,Sr,,,,,
mens-d1,Green Bay,Justin,Allen,76,Sr,,,,,
mens-d1,Green Bay,Ramel,Bethea,81,So,,,,,
mens-d1,Green Bay,Maruan,Cicic,84,Fr,,,,,
mens-d1,Green Bay,Brady,Fitzgerald,76,Fr,,,,,
mens-d1,Green Bay,Marcus,Hall,78,Jr,,,,,
mens-d1,Green Bay,Dontrell,Hewlett,76,Sr,,,,,
mens-d1,Green Bay,Josh,Hines,74,Jr,,,,,
mens-d1,Green Bay,C.J.,O'Hara,76,So,,,,,
mens-d1,Green Bay,Preston,Ruedinger,74,Sr,,,,,
mens-d1,Green Bay,Rob,Stroud,77,Sr,,,,,
mens-d1,Green Bay,LeBron,Thomas,75,Jr,,,,,
mens-d1,Green Bay,Vukasin,Todorovic,80,Fr,,,,,
mens-d1,Green Bay,Keegan,Van Kauwenberg,75,Fr,,,,,
mens-d1,Green Bay,Caden,Wilkins,78,Fr,,,,,
mens-d1,Green Bay,Mac,Wrecke,77,So,,,,,
mens-d1,Harvard,Thomas,Batties II,79,Jr,,,,,
mens-d1,Hofstra,Cruz,Davis,75,Jr,,,,,
mens-d1,Hofstra,Joshua,DeCady,80,So,,,,,
mens-d1,Hofstra,Preston,Edmead,73,Fr,,,,,
mens-d1,Hofstra,Victory,Onuetu,82,Jr,,,,,
mens-d1,Hofstra,Biggie,Patterson,79,Sr,,,,,
mens-d1,Hofstra,German,Plotnikov,77,Sr,,,,,
mens-d1,Hofstra,Joshua Aaron,Reaves,75,Sr,,,,,
mens-d1,Hofstra,Jaeden,Roberts,75,Fr,,,,,
mens-d1,Hofstra,Silas,Sunday,84,Sr,,,,,
mens-d1,Hofstra,Alex,Tsynkevich,82,Sr,,,,,
mens-d1,Hofstra,Amir,Williams,76,So,,,,,
mens-d1,Hofstra,A.J.,Wills,72,Jr,,,,,
mens-d1,Houston,Chris,Cenac Jr,83,Fr,,,,,
mens-d1,Houston Christian,Ryan,Bartley,78,Sr,,,,,
mens-d1,Houston Christian,Demarco,Bethea,79,Sr,,,,,
mens-d1,Houston Christian,Elijah,Brooks,75,Sr,,,,,
mens-d1,Houston Christian,Obadiah,Curtis,76,Sr,,,,,
mens-d1,Houston Christian,Caleb,Gaston,79,Jr,,,,,
mens-d1,Houston Christian,Kylin,Green,72,Sr,,,,,
mens-d1,Houston Christian,Nehikhare,Igiehon,79,Sr,,,,,
mens-d1,Houston Christian,Trent,Johnson,78,Sr,,,,,
mens-d1,Houston Christian,Ahjany,Lee,80,Jr,,,,,
mens-d1,Houston Christian,Mambourou,Mara,78,Jr,,,,,
mens-d1,Houston Christian,Bryson,Monroe,73,Sr,,,,,
mens-d1,Houston Christian,D'Aundre,Samuels,74,Jr,,,,,
mens-d1,Houston Christian,Demari,Williams,77,Jr,,,,,
mens-d1,Houston Christian,Will,Wilson,75,Sr,,,,,
mens-d1,IU Indy,Lav,Cvetkovic',79,Sr,,,,,
mens-d1,Illinois St.,Cameron,Barnes,82,So,,,,,
mens-d1,Illinois St.,Ty,Blake,76,Jr,,,,,
mens-d1,Illinois St.,Ty'Reek,Coleman,74,Fr,,,,,
mens-d1,Illinois St.,Jack,Daugherty,80,So,,,,,
mens-d1,Illinois St.,Johnny,Kinziger,71,Jr,,,,,
mens-d1,Illinois St.,Mason,Klabo,74,Fr,,,,,
mens-d1,Illinois St.,Brandon,Lieb,85,Sr,,,,,
mens-d1,Illinois St.,Landon,Moore,75,Sr,,,,,
mens-d1,Illinois St.,Ty,Pence,78,Jr,,,,,
mens-d1,Illinois St.,Boden,Skunberg,77,Sr,,,,,
mens-d1,Illinois St.,Chase,Walker,81,Jr,,,,,
mens-d1,Illinois St.,Landon,Wolf,77,Sr,,,,,
mens-d1,Indiana St.,Bruno,Alocen,78,So,,,,,
mens-d1,Indiana St.,Cooper,Bean,75,So,,,,,
mens-d1,Indiana St.,Zyair,Greene,75,Sr,,,,,
mens-d1,Indiana St.,Xavier,Hall,72,Sr,,,,,
mens-d1,Indiana St.,Hunter,Harding,85,So,,,,,
mens-d1,Indiana St.,Markus,Harding,82,Sr,,,,,
mens-d1,Indiana St.,Caden,Huttenlocker,74,Jr,,,,,
mens-d1,Indiana St.,Ian,Scott,79,Sr,,,,,
mens-d1,Indiana St.,Enel,St. Bernard,78,Jr,,,,,
mens-d1,Indiana St.,Jo,Van Buggenhout,74,Jr,,,,,
mens-d1,Indiana St.,Derek,Vorst,82,Jr,,,,,
mens-d1,Indiana St.,Camp,Wagner,78,Jr,,,,,
mens-d1,Indiana St.,Jayan,Walker,78,So,,,,,
mens-d1,Indiana St.,Sivert,Wærstad Nordheim,78,Fr,,,,,
mens-d1,Indiana St.,Sterling,Young,73,Sr,,,,,
mens-d1,Iona,C.J.,Anthony,72,Sr,,,,,
mens-d1,Iona,Oscar,Hourruitiner,72,Fr,,,,,
mens-d1,Jacksonville,Michael,Harper,75,Fr,,,,,
mens-d1,Jacksonville,Chris,Lockett,,So,,,,,
mens-d1,Jacksonville,Jason,"Thirdkill, Jr.",79,Sr,,,,,
mens-d1,Kent St.,Derrick,Lee Jr.,,,,,,,
mens-d1,Liberty,Isaiah,Ihnen,81,Jr,,,,,
mens-d1,Mississippi Val.,Xzayvion,Childress,72,Jr,,,,,
mens-d1,Mississippi Val.,George,Ivory III,74,Sr,,,,,
mens-d1,Mississippi Val.,PJ,McDonald,77,So,,,,,
mens-d1,Mount St. Mary's,Anthony,"Arrington, Jr.",74,Jr,,,,,
mens-d1,New Orleans,Jihad,el Khatib,,,,,,,
mens-d1,Portland,Samuel,Noland,73,Sr,,,,,
mens-d1,Quinnipiac,Samuel,Nosakhare,81,Fr,,,,,
mens-d1,Saint Peter's,Robert,Wilmote,76,So,,,,,
mens-d1,Santa Clara,Sash,Gavalyugov,75,Fr,,,,,
mens-d1,Santa Clara,Juan,Reyna,75,Sr,,,,,
mens-d1,South Carolina St.,Rayniel,Wright,72,Jr,,,,,
mens-d1,Southern U.,D'Mari,Wiltz,,Sr,,,,,
mens-d1,Virginia,Johann,Grünloh,84,Fr,,,,,
mens-d1,Xavier,Henry,Thole,79,So,,,,,
